k-mer Length,Training R^2,Validation R^2,Data Count
2,0.8395016781131421,0.6437352909420715,1566
3,0.9092363520593777,0.7318623951056213,1566
4,0.9423286183063743,0.7167710880854798,1566
5,0.962297242117601,0.7916093875443769,1566
6,0.9684703058908007,0.7846972966761276,1566
7,0.9716750236870814,0.802431861566659,1566
