k-mer Length,R^2,Data Count
2,0.6674646583625332,1566
3,0.7643752802423183,1566
4,0.752064103441507,1566
5,0.7778403963297373,1566
6,0.7788724362640025,1566
